dataset_id,dataset_name,verification_status,decision,acquisition_timing,m1_required,official_source,official_source_url,doi,version,license_identifier,license_url,commercial_restriction,redistribution_notes,modalities,annotation_type,classes_or_content,intended_role,owning_workstream,approximate_size,availability,limitations,verification_sources,verified_on,acquisition_status,citation,code_license,paper_license,source_doc,license_doc,field_sources,approved_registry_decision,external_holdout,publication_doi,required_later
gyu_det_v3,GYU-DET,APPROVED_UNCHANGED,USE_NOW,NOW,true,Science Data Bank V3,https://www.scidb.cn/en/detail?dataSetId=68827df9f367442c8be0c283e60ed3b7,10.57760/sciencedb.19893,V3,CC-BY-NC-SA-4.0,https://doi.org/10.57760/sciencedb.19893,Non-commercial only,Non-commercial attribution/share-alike; raw archives not redistributed through Git.,"[""RGB""]",YOLO normalized bounding boxes,0 Crack; 1 Breakage; 2 Comb; 3 Hole; 4 Reinforcement; 5 Seepage,Approved first structural-defect detector baseline,Chat 03 / Defect Detection,"40.71 decimal GB source ZIPs; baseline 10,398 images / 48,392 annotations","ACQUIRED_AND_APPROVED; train 8305, valid 1040, test 1053",Preserve approved baseline-v1; 712 unclassified images and 21 orphan labels excluded; reader/MPO gate belongs to Chat 03.,"[""https://www.scidb.cn/en/detail?dataSetId=68827df9f367442c8be0c283e60ed3b7"", ""https://doi.org/10.57760/sciencedb.19893"", ""docs/data/sources/gyu_det_v3.md"", ""data/manifests/gyu_det_v3_source_provenance.json"", ""docs/data/M1_DATASET_ACQUISITION_PLAN.md"", ""docs/data/M1_DATA_FOUNDATION_SCOPE_DECISION.md""]",2026-09-11,ACQUIRED_AND_APPROVED,"Existing approved source/provenance record, retained without re-verification.",UNKNOWN; no code-license grant assumed,CC-BY-NC-ND-4.0 (separate from V3 dataset),docs/data/sources/gyu_det_v3.md,docs/data/licenses/gyu_det_v3.md,"{""acquisition_timing"": [""docs/data/M1_DATASET_ACQUISITION_PLAN.md"", ""docs/data/M1_DATA_FOUNDATION_SCOPE_DECISION.md""], ""annotation_type"": [""docs/data/sources/gyu_det_v3.md"", ""data/manifests/gyu_det_v3_source_provenance.json""], ""approximate_size"": [""docs/data/sources/gyu_det_v3.md"", ""data/manifests/gyu_det_v3_source_provenance.json""], ""availability"": [""docs/data/sources/gyu_det_v3.md"", ""data/manifests/gyu_det_v3_source_provenance.json""], ""citation"": [""docs/data/sources/gyu_det_v3.md"", ""data/manifests/gyu_det_v3_source_provenance.json""], ""classes_or_content"": [""docs/data/sources/gyu_det_v3.md"", ""data/manifests/gyu_det_v3_source_provenance.json""], ""commercial_restriction"": [""docs/data/sources/gyu_det_v3.md"", ""data/manifests/gyu_det_v3_source_provenance.json""], ""dataset_name"": [""docs/data/sources/gyu_det_v3.md"", ""data/manifests/gyu_det_v3_source_provenance.json""], ""decision"": [""docs/data/M1_DATASET_ACQUISITION_PLAN.md"", ""docs/data/M1_DATA_FOUNDATION_SCOPE_DECISION.md""], ""doi"": [""docs/data/sources/gyu_det_v3.md"", ""data/manifests/gyu_det_v3_source_provenance.json""], ""intended_role"": [""docs/data/M1_DATASET_ACQUISITION_PLAN.md"", ""docs/data/M1_DATA_FOUNDATION_SCOPE_DECISION.md""], ""license_identifier"": [""docs/data/sources/gyu_det_v3.md"", ""data/manifests/gyu_det_v3_source_provenance.json""], ""license_url"": [""docs/data/sources/gyu_det_v3.md"", ""data/manifests/gyu_det_v3_source_provenance.json""], ""limitations"": [""docs/data/M1_DATASET_ACQUISITION_PLAN.md"", ""docs/data/M1_DATA_FOUNDATION_SCOPE_DECISION.md""], ""m1_required"": [""docs/data/M1_DATASET_ACQUISITION_PLAN.md"", ""docs/data/M1_DATA_FOUNDATION_SCOPE_DECISION.md""], ""modalities"": [""docs/data/sources/gyu_det_v3.md"", ""data/manifests/gyu_det_v3_source_provenance.json""], ""official_source"": [""docs/data/sources/gyu_det_v3.md"", ""data/manifests/gyu_det_v3_source_provenance.json""], ""official_source_url"": [""docs/data/sources/gyu_det_v3.md"", ""data/manifests/gyu_det_v3_source_provenance.json""], ""owning_workstream"": [""docs/data/M1_DATASET_ACQUISITION_PLAN.md"", ""docs/data/M1_DATA_FOUNDATION_SCOPE_DECISION.md""], ""redistribution_notes"": [""docs/data/sources/gyu_det_v3.md"", ""data/manifests/gyu_det_v3_source_provenance.json""], ""version"": [""docs/data/sources/gyu_det_v3.md"", ""data/manifests/gyu_det_v3_source_provenance.json""]}",USE,null,null,null
codebrim,CODEBRIM,SOURCE_AND_TERMS_VERIFIED,DEFER_TO_WORKSTREAM,LATER,false,Zenodo / original authors,https://zenodo.org/records/2620293,10.5281/zenodo.2620293,1.0,LicenseRef-CODEBRIM-NC,https://zenodo.org/records/2620293/files/license.md?download=1,Non-commercial only,Custom terms: non-commercial research/education only; no commercial gain from derivatives; no dataset or modified-dataset redistribution. Colleagues must accept terms; data-free models/annotations may be shared under the same terms. Cite authors; record acceptance/any required permission before acquisition.,"[""RGB""]",Original images with boxes; extracted crops have multi-label classification targets; no masks established,Crack; spallation; efflorescence; exposed bars; corrosion stain; background,Protected external/domain-shift evaluation after detector baseline freeze,Chat 03 / Defect Detection: external evaluation,"1,590 source images / 30 bridges; original-image ZIP 8.3 GB; four alternative packages total 36.4 GB",Official page and download links listed; payload not tested or acquired,Partial taxonomy overlap; multi-label regions differ from YOLO single-class boxes. Define compatible metrics before predictions. Never train/tune baseline on this holdout.,"[""https://zenodo.org/records/2620293"", ""https://zenodo.org/records/2620293/files/license.md?download=1"", ""https://arxiv.org/html/1904.08486v1"", ""https://github.com/ccc-frankfurt/meta-learning-CODEBRIM"", ""https://zenodo.org/api/records/2620293"", ""docs/data/M1_DATASET_ACQUISITION_PLAN.md"", ""docs/data/M1_DATA_FOUNDATION_SCOPE_DECISION.md""]",2026-09-11,NOT_ACQUIRED_IN_THIS_SWEEP,"Official dataset title: CODEBRIM: COncrete DEfect BRidge IMage Dataset. Martin Mundt, Sagnik Majumder, Sreenivas Murali, Panagiotis Panetsos, Visvanathan Ramesh; Goethe University / Egnatia Odos; CVPR 2019, Meta-learning Convolutional Neural Architectures for Multi-target Concrete Defect Classification with CODEBRIM.",Separate repository custom research/educational terms; adapted ENAS code has additional upstream terms.,"arXiv version: perpetual non-exclusive arXiv distribution license, not dataset permission",docs/data/sources/codebrim.md,docs/data/licenses/codebrim.md,"{""acquisition_timing"": [""docs/data/M1_DATASET_ACQUISITION_PLAN.md"", ""docs/data/M1_DATA_FOUNDATION_SCOPE_DECISION.md""], ""annotation_type"": [""https://zenodo.org/records/2620293""], ""approximate_size"": [""https://zenodo.org/records/2620293"", ""https://arxiv.org/html/1904.08486v1""], ""availability"": [""https://zenodo.org/records/2620293""], ""citation"": [""https://zenodo.org/records/2620293""], ""classes_or_content"": [""https://arxiv.org/html/1904.08486v1""], ""commercial_restriction"": [""https://zenodo.org/records/2620293/files/license.md?download=1""], ""dataset_name"": [""https://zenodo.org/records/2620293""], ""decision"": [""docs/data/M1_DATASET_ACQUISITION_PLAN.md"", ""docs/data/M1_DATA_FOUNDATION_SCOPE_DECISION.md""], ""doi"": [""https://zenodo.org/records/2620293""], ""intended_role"": [""docs/data/M1_DATASET_ACQUISITION_PLAN.md"", ""docs/data/M1_DATA_FOUNDATION_SCOPE_DECISION.md""], ""license_identifier"": [""https://zenodo.org/records/2620293/files/license.md?download=1""], ""license_url"": [""https://zenodo.org/records/2620293/files/license.md?download=1""], ""limitations"": [""docs/data/M1_DATASET_ACQUISITION_PLAN.md"", ""docs/data/M1_DATA_FOUNDATION_SCOPE_DECISION.md""], ""m1_required"": [""docs/data/M1_DATASET_ACQUISITION_PLAN.md"", ""docs/data/M1_DATA_FOUNDATION_SCOPE_DECISION.md""], ""modalities"": [""https://zenodo.org/records/2620293""], ""official_source"": [""https://zenodo.org/records/2620293""], ""official_source_url"": [""https://zenodo.org/records/2620293""], ""owning_workstream"": [""docs/data/M1_DATASET_ACQUISITION_PLAN.md"", ""docs/data/M1_DATA_FOUNDATION_SCOPE_DECISION.md""], ""redistribution_notes"": [""https://zenodo.org/records/2620293/files/license.md?download=1""], ""version"": [""https://zenodo.org/api/records/2620293""]}",null,true,null,null
sdnet2018,SDNET2018,SOURCE_AND_TERMS_VERIFIED,OPTIONAL,NOT_REQUIRED,false,Utah State University institutional dataset record,https://digitalcommons.usu.edu/all_datasets/48/,10.15142/T3TD19,2018,CC-BY-4.0,https://digitalcommons.usu.edu/all_datasets/48/,No non-commercial restriction in the identified grant; other rights may apply,"CC BY 4.0 attribution, license link and modification notice; no NC condition in this grant.","[""RGB""]",Image-level cracked/non-cracked folder labels; no bounding boxes supplied by this classification dataset,"Concrete bridge decks (D), walls (W), pavements (P); cracked and non-cracked patches",Auxiliary crack classification and robustness analysis,Defect Detection / crack robustness experiments,"Over 56,000 images; ZIP listed as 515,903 kB",Official page and download links listed; payload not tested or acquired,Patch classification is not detector ground truth; retain source-image grouping to avoid patch leakage. No need for first detector.,"[""https://digitalcommons.usu.edu/all_datasets/48/"", ""https://www.sciencedirect.com/science/article/pii/S2352340918314082"", ""https://commons.und.edu/cie-fac/14/"", ""docs/data/M1_DATASET_ACQUISITION_PLAN.md"", ""docs/data/M1_DATA_FOUNDATION_SCOPE_DECISION.md""]",2026-09-11,NOT_ACQUIRED_IN_THIS_SWEEP,"Maguire, Dorafshan, Thomas (2018), SDNET2018: A concrete crack image dataset for machine learning applications. Dataset DOI 10.15142/T3TD19.",UNKNOWN; no code-license grant assumed,"Data in Brief article: CC BY 4.0, verified separately at authors institutional article record",docs/data/sources/sdnet2018.md,docs/data/licenses/sdnet2018.md,"{""acquisition_timing"": [""docs/data/M1_DATASET_ACQUISITION_PLAN.md"", ""docs/data/M1_DATA_FOUNDATION_SCOPE_DECISION.md""], ""annotation_type"": [""https://digitalcommons.usu.edu/all_datasets/48/""], ""approximate_size"": [""https://digitalcommons.usu.edu/all_datasets/48/""], ""availability"": [""https://digitalcommons.usu.edu/all_datasets/48/""], ""citation"": [""https://digitalcommons.usu.edu/all_datasets/48/""], ""classes_or_content"": [""https://digitalcommons.usu.edu/all_datasets/48/""], ""commercial_restriction"": [""https://digitalcommons.usu.edu/all_datasets/48/""], ""dataset_name"": [""https://digitalcommons.usu.edu/all_datasets/48/""], ""decision"": [""docs/data/M1_DATASET_ACQUISITION_PLAN.md"", ""docs/data/M1_DATA_FOUNDATION_SCOPE_DECISION.md""], ""doi"": [""https://digitalcommons.usu.edu/all_datasets/48/""], ""intended_role"": [""docs/data/M1_DATASET_ACQUISITION_PLAN.md"", ""docs/data/M1_DATA_FOUNDATION_SCOPE_DECISION.md""], ""license_identifier"": [""https://digitalcommons.usu.edu/all_datasets/48/""], ""license_url"": [""https://digitalcommons.usu.edu/all_datasets/48/""], ""limitations"": [""docs/data/M1_DATASET_ACQUISITION_PLAN.md"", ""docs/data/M1_DATA_FOUNDATION_SCOPE_DECISION.md""], ""m1_required"": [""docs/data/M1_DATASET_ACQUISITION_PLAN.md"", ""docs/data/M1_DATA_FOUNDATION_SCOPE_DECISION.md""], ""modalities"": [""https://digitalcommons.usu.edu/all_datasets/48/""], ""official_source"": [""https://digitalcommons.usu.edu/all_datasets/48/""], ""official_source_url"": [""https://digitalcommons.usu.edu/all_datasets/48/""], ""owning_workstream"": [""docs/data/M1_DATASET_ACQUISITION_PLAN.md"", ""docs/data/M1_DATA_FOUNDATION_SCOPE_DECISION.md""], ""redistribution_notes"": [""https://digitalcommons.usu.edu/all_datasets/48/""], ""version"": [""https://digitalcommons.usu.edu/all_datasets/48/""]}",null,null,null,null
deepcrack,DeepCrack,SOURCE_AND_TERMS_VERIFIED,DEFER_TO_WORKSTREAM,LATER,false,Yahui Liu original author dataset repository,https://github.com/yhlleo/DeepCrack,null,Liu et al. Neurocomputing 2019 dataset (537 images),LicenseRef-DeepCrack-NC,https://github.com/yhlleo/DeepCrack/blob/master/README.md,Non-commercial only,Explicit dataset use restricted to non-commercial research and education. No blanket redistribution or commercial grant inferred.,"[""RGB"", ""binary masks""]",Pixel-wise crack segmentation,Crack / non-crack pixels across concrete/asphalt scenes,Crack segmentation benchmark,Chat 06 / Defect Segmentation,537 images at 544 x 384; 300 train / 237 test; archive bytes UNKNOWN,Official page and download links listed; payload not tested or acquired,"This registry explicitly selects Liu et al., not Zou et al. TIP 2019 (CrackTree260, CRKWH100, CrackLS315, Stone331). Authors own only part of original images; upstream-image permissions/redistribution need review before broader reuse.","[""https://github.com/yhlleo/DeepCrack"", ""https://github.com/yhlleo/DeepCrack/blob/master/README.md"", ""https://yhlleo.github.io/papers/DeepCrack-Neurocomputing2019.pdf"", ""https://github.com/qinnzou/DeepCrack"", ""https://github.com/yhlleo/DeepSegmentor/blob/master/LICENSE"", ""docs/data/M1_DATASET_ACQUISITION_PLAN.md"", ""docs/data/M1_DATA_FOUNDATION_SCOPE_DECISION.md""]",2026-09-11,NOT_ACQUIRED_IN_THIS_SWEEP,"Yahui Liu, Jian Yao, Xiaohu Lu, Renping Xie, Li Li; DeepCrack: A Deep Hierarchical Feature Learning Architecture for Crack Segmentation, Neurocomputing 338 (2019), 139-153.",DeepSegmentor has a separate BSD-style software grant and third-party notices; it does not replace dataset NC terms.,"Elsevier 2019 all rights reserved, shown in author-hosted paper",docs/data/sources/deepcrack.md,docs/data/licenses/deepcrack.md,"{""acquisition_timing"": [""docs/data/M1_DATASET_ACQUISITION_PLAN.md"", ""docs/data/M1_DATA_FOUNDATION_SCOPE_DECISION.md""], ""annotation_type"": [""https://github.com/yhlleo/DeepCrack""], ""approximate_size"": [""https://yhlleo.github.io/papers/DeepCrack-Neurocomputing2019.pdf""], ""availability"": [""https://github.com/yhlleo/DeepCrack""], ""citation"": [""https://github.com/yhlleo/DeepCrack""], ""classes_or_content"": [""https://github.com/yhlleo/DeepCrack""], ""commercial_restriction"": [""https://github.com/yhlleo/DeepCrack/blob/master/README.md""], ""dataset_name"": [""https://github.com/yhlleo/DeepCrack""], ""decision"": [""docs/data/M1_DATASET_ACQUISITION_PLAN.md"", ""docs/data/M1_DATA_FOUNDATION_SCOPE_DECISION.md""], ""doi"": [""https://github.com/yhlleo/DeepCrack""], ""intended_role"": [""docs/data/M1_DATASET_ACQUISITION_PLAN.md"", ""docs/data/M1_DATA_FOUNDATION_SCOPE_DECISION.md""], ""license_identifier"": [""https://github.com/yhlleo/DeepCrack/blob/master/README.md""], ""license_url"": [""https://github.com/yhlleo/DeepCrack/blob/master/README.md""], ""limitations"": [""docs/data/M1_DATASET_ACQUISITION_PLAN.md"", ""docs/data/M1_DATA_FOUNDATION_SCOPE_DECISION.md""], ""m1_required"": [""docs/data/M1_DATASET_ACQUISITION_PLAN.md"", ""docs/data/M1_DATA_FOUNDATION_SCOPE_DECISION.md""], ""modalities"": [""https://github.com/yhlleo/DeepCrack""], ""official_source"": [""https://github.com/yhlleo/DeepCrack""], ""official_source_url"": [""https://github.com/yhlleo/DeepCrack""], ""owning_workstream"": [""docs/data/M1_DATASET_ACQUISITION_PLAN.md"", ""docs/data/M1_DATA_FOUNDATION_SCOPE_DECISION.md""], ""redistribution_notes"": [""https://github.com/yhlleo/DeepCrack/blob/master/README.md""], ""version"": [""https://github.com/yhlleo/DeepCrack""]}",null,null,10.1016/j.neucom.2019.01.036,null
structural_damage_2d,2D Structural Damage Dataset,SOURCE_IDENTIFIED_PROJECT_IDENTITY_AND_LICENSE_UNRESOLVED,HOLD,DO_NOT_ACQUIRE_YET,false,"Xin Peng / Cal Unmanned Research Lab, UC Berkeley (best matching named repository)",https://github.com/xin-peng/2D_structural_damage_dataset,null,null,LICENSE_UNRESOLVED,null,UNKNOWN,LICENSE STATUS: UNRESOLVED. No explicit dataset or repository-wide code license found in inspected root/README. Public files do not confer reuse rights; clear upstream sources individually.,"[""RGB""]","2D bounding boxes; repository has VOC-style Annotations, JPEGImages, ImageSets and labels folders",Crack and spalling,Potential auxiliary detection/generalization only after provenance clearance,Defect Detection / external datasets,"2,700 images stated; archive bytes UNKNOWN",Official page and download links listed; payload not tested or acquired,"Project notes supplied only a name: identification with this exact repository is a documented inference, not a recovered prior URL. Mixed SDNET, PEER Hub and self-collected provenance; missing explicit dataset grant prevents use.","[""https://github.com/xin-peng/2D_structural_damage_dataset"", ""docs/data/M1_DATASET_ACQUISITION_PLAN.md"", ""docs/data/M1_DATA_FOUNDATION_SCOPE_DECISION.md""]",2026-09-11,NOT_ACQUIRED_IN_THIS_SWEEP,"Xin Peng, Gaofeng Su, ZhiQiang Chen, Raja Sengupta; Structural Damage Detection, Localization, and Quantification via UAV-based 3D Imaging; 13th International Workshop on Structural Health Monitoring (repository citation).",UNKNOWN; no code-license grant assumed,UNKNOWN; paper accessibility does not establish dataset rights,docs/data/sources/structural_damage_2d.md,docs/data/licenses/structural_damage_2d.md,"{""acquisition_timing"": [""docs/data/M1_DATASET_ACQUISITION_PLAN.md"", ""docs/data/M1_DATA_FOUNDATION_SCOPE_DECISION.md""], ""annotation_type"": [""https://github.com/xin-peng/2D_structural_damage_dataset""], ""approximate_size"": [""https://github.com/xin-peng/2D_structural_damage_dataset""], ""availability"": [""https://github.com/xin-peng/2D_structural_damage_dataset""], ""citation"": [""https://github.com/xin-peng/2D_structural_damage_dataset""], ""classes_or_content"": [""https://github.com/xin-peng/2D_structural_damage_dataset""], ""commercial_restriction"": [""https://github.com/xin-peng/2D_structural_damage_dataset""], ""dataset_name"": [""https://github.com/xin-peng/2D_structural_damage_dataset""], ""decision"": [""docs/data/M1_DATASET_ACQUISITION_PLAN.md"", ""docs/data/M1_DATA_FOUNDATION_SCOPE_DECISION.md""], ""doi"": [""https://github.com/xin-peng/2D_structural_damage_dataset""], ""intended_role"": [""docs/data/M1_DATASET_ACQUISITION_PLAN.md"", ""docs/data/M1_DATA_FOUNDATION_SCOPE_DECISION.md""], ""license_identifier"": [""https://github.com/xin-peng/2D_structural_damage_dataset""], ""license_url"": [""https://github.com/xin-peng/2D_structural_damage_dataset""], ""limitations"": [""docs/data/M1_DATASET_ACQUISITION_PLAN.md"", ""docs/data/M1_DATA_FOUNDATION_SCOPE_DECISION.md""], ""m1_required"": [""docs/data/M1_DATASET_ACQUISITION_PLAN.md"", ""docs/data/M1_DATA_FOUNDATION_SCOPE_DECISION.md""], ""modalities"": [""https://github.com/xin-peng/2D_structural_damage_dataset""], ""official_source"": [""https://github.com/xin-peng/2D_structural_damage_dataset""], ""official_source_url"": [""https://github.com/xin-peng/2D_structural_damage_dataset""], ""owning_workstream"": [""docs/data/M1_DATASET_ACQUISITION_PLAN.md"", ""docs/data/M1_DATA_FOUNDATION_SCOPE_DECISION.md""], ""redistribution_notes"": [""https://github.com/xin-peng/2D_structural_damage_dataset""], ""version"": [""https://github.com/xin-peng/2D_structural_damage_dataset""]}",null,null,null,null
lol_v2,LOL-v2,SOURCE_VERIFIED_LICENSE_UNRESOLVED,HOLD,DO_NOT_ACQUIRE_YET,false,Wenhan Yang original author project repositories,https://github.com/flyywh/CVPR-2020-Semi-Low-Light,null,LOL-v2 / TIP 2021 extension,LICENSE_UNRESOLVED,null,UNKNOWN,LICENSE STATUS: UNRESOLVED. Commercial and redistribution rights UNKNOWN; obtain explicit dataset permission before acquisition/use.,"[""RGB low-light"", ""RGB normal-light""]","Paired low/normal-light enhancement, real and synthetic subsets; auxiliary unpaired training collections are separate","Low-light scenes and normal-exposure references, not defect annotations",Paired enhancement evaluation after rights clarification,Chat 05 / Low-Light Vision,UNKNOWN: authoritative subset counts not recovered in inspected accessible text,Author README lists LOL-v2 Baidu/Google Drive links; access to archive contents not tested,"Do not confuse LOL-v1 (BMVC 2018), LOL-v2 (TIP 2021), DRBN code or separate AVA/unpaired collections. No explicit dataset terms found. The SGM README paper link returned a Band Representation-Based paper instead; subset counts remain unverified rather than copied from secondary reports.","[""https://github.com/flyywh/CVPR-2020-Semi-Low-Light"", ""https://github.com/flyywh/SGM-Low-Light"", ""docs/data/M1_DATASET_ACQUISITION_PLAN.md"", ""docs/data/M1_DATA_FOUNDATION_SCOPE_DECISION.md""]",2026-09-11,NOT_ACQUIRED_IN_THIS_SWEEP,"Wenhan Yang, Wenjing Wang, Haofeng Huang, Shiqi Wang, Jiaying Liu; Sparse Gradient Regularized Deep Retinex Network for Robust Low-Light Image Enhancement, TIP 30 (2021), 2072-2086.",UNKNOWN; no code-license grant assumed,UNKNOWN; paper accessibility does not establish dataset rights,docs/data/sources/lol_v2.md,docs/data/licenses/lol_v2.md,"{""acquisition_timing"": [""docs/data/M1_DATASET_ACQUISITION_PLAN.md"", ""docs/data/M1_DATA_FOUNDATION_SCOPE_DECISION.md""], ""annotation_type"": [""https://github.com/flyywh/CVPR-2020-Semi-Low-Light""], ""approximate_size"": [""https://github.com/flyywh/CVPR-2020-Semi-Low-Light""], ""availability"": [""https://github.com/flyywh/CVPR-2020-Semi-Low-Light""], ""citation"": [""https://github.com/flyywh/SGM-Low-Light""], ""classes_or_content"": [""https://github.com/flyywh/CVPR-2020-Semi-Low-Light""], ""commercial_restriction"": [""https://github.com/flyywh/CVPR-2020-Semi-Low-Light""], ""dataset_name"": [""https://github.com/flyywh/CVPR-2020-Semi-Low-Light""], ""decision"": [""docs/data/M1_DATASET_ACQUISITION_PLAN.md"", ""docs/data/M1_DATA_FOUNDATION_SCOPE_DECISION.md""], ""doi"": [""https://github.com/flyywh/CVPR-2020-Semi-Low-Light""], ""intended_role"": [""docs/data/M1_DATASET_ACQUISITION_PLAN.md"", ""docs/data/M1_DATA_FOUNDATION_SCOPE_DECISION.md""], ""license_identifier"": [""https://github.com/flyywh/CVPR-2020-Semi-Low-Light""], ""license_url"": [""https://github.com/flyywh/CVPR-2020-Semi-Low-Light""], ""limitations"": [""docs/data/M1_DATASET_ACQUISITION_PLAN.md"", ""docs/data/M1_DATA_FOUNDATION_SCOPE_DECISION.md""], ""m1_required"": [""docs/data/M1_DATASET_ACQUISITION_PLAN.md"", ""docs/data/M1_DATA_FOUNDATION_SCOPE_DECISION.md""], ""modalities"": [""https://github.com/flyywh/CVPR-2020-Semi-Low-Light""], ""official_source"": [""https://github.com/flyywh/CVPR-2020-Semi-Low-Light""], ""official_source_url"": [""https://github.com/flyywh/CVPR-2020-Semi-Low-Light""], ""owning_workstream"": [""docs/data/M1_DATASET_ACQUISITION_PLAN.md"", ""docs/data/M1_DATA_FOUNDATION_SCOPE_DECISION.md""], ""redistribution_notes"": [""https://github.com/flyywh/CVPR-2020-Semi-Low-Light""], ""version"": [""https://github.com/flyywh/CVPR-2020-Semi-Low-Light""]}",null,null,10.1109/TIP.2021.3050850,null
exdark,ExDark,SOURCE_AND_TERMS_VERIFIED,OPTIONAL,NOT_REQUIRED,false,Universiti Malaya / Loh and Chan official dataset repository,https://github.com/cs-chan/Exclusively-Dark-Image-Dataset,null,2018 release; dataset link updated 2022-09-02,LicenseRef-ExDark-NC,https://github.com/cs-chan/Exclusively-Dark-Image-Dataset/blob/master/Dataset/README.md,Non-commercial only,Dataset README explicitly permits only non-commercial research; contact Chee Seng Chan for commercial use. Redistribution rights are not expressly specified by that dataset statement; do not infer unrestricted redistribution from the code license.,"[""RGB low-light""]","Image class labels and object boxes in TXT [left, top, width, height]; lighting and experimental-split labels","Bicycle, Boat, Bottle, Bus, Car, Cat, Chair, Cup, Dog, Motorbike, People, Table; 10 lighting types from Low to Twilight",Optional low-light object-detection domain shift experiments,Chat 05 / Low-Light Vision (optional extension),"7,363 images; author lists archive as 1.5Gb; ground truth 4.2Mb (units as written); 3000 train / 1800 validation / 2563 test",Official page and download links listed; payload not tested or acquired,No structural-defect labels. Dataset-specific README restricts use to non-commercial research; root BSD software license does not override dataset terms. Commercial usage needs author contact.,"[""https://github.com/cs-chan/Exclusively-Dark-Image-Dataset"", ""https://github.com/cs-chan/Exclusively-Dark-Image-Dataset/blob/master/Dataset/README.md"", ""https://github.com/cs-chan/Exclusively-Dark-Image-Dataset/blob/master/LICENSE"", ""https://raw.githubusercontent.com/cs-chan/Exclusively-Dark-Image-Dataset/master/Dataset/README.md"", ""https://raw.githubusercontent.com/cs-chan/Exclusively-Dark-Image-Dataset/master/Groundtruth/README.md"", ""docs/data/M1_DATASET_ACQUISITION_PLAN.md"", ""docs/data/M1_DATA_FOUNDATION_SCOPE_DECISION.md""]",2026-09-11,NOT_ACQUIRED_IN_THIS_SWEEP,"Yuen Peng Loh, Chee Seng Chan; Getting to Know Low-light Images with The Exclusively Dark Dataset; CVIU 178 (2019), 30-42; DOI 10.1016/j.cviu.2018.10.010.","BSD-3-Clause repository software license, separate from explicit dataset NC research terms",UNKNOWN; paper accessibility does not establish dataset rights,docs/data/sources/exdark.md,docs/data/licenses/exdark.md,"{""acquisition_timing"": [""docs/data/M1_DATASET_ACQUISITION_PLAN.md"", ""docs/data/M1_DATA_FOUNDATION_SCOPE_DECISION.md""], ""annotation_type"": [""https://raw.githubusercontent.com/cs-chan/Exclusively-Dark-Image-Dataset/master/Dataset/README.md"", ""https://raw.githubusercontent.com/cs-chan/Exclusively-Dark-Image-Dataset/master/Groundtruth/README.md""], ""approximate_size"": [""https://raw.githubusercontent.com/cs-chan/Exclusively-Dark-Image-Dataset/master/Dataset/README.md"", ""https://raw.githubusercontent.com/cs-chan/Exclusively-Dark-Image-Dataset/master/Groundtruth/README.md""], ""availability"": [""https://github.com/cs-chan/Exclusively-Dark-Image-Dataset""], ""citation"": [""https://github.com/cs-chan/Exclusively-Dark-Image-Dataset""], ""classes_or_content"": [""https://raw.githubusercontent.com/cs-chan/Exclusively-Dark-Image-Dataset/master/Dataset/README.md"", ""https://raw.githubusercontent.com/cs-chan/Exclusively-Dark-Image-Dataset/master/Groundtruth/README.md""], ""commercial_restriction"": [""https://github.com/cs-chan/Exclusively-Dark-Image-Dataset/blob/master/Dataset/README.md""], ""dataset_name"": [""https://github.com/cs-chan/Exclusively-Dark-Image-Dataset""], ""decision"": [""docs/data/M1_DATASET_ACQUISITION_PLAN.md"", ""docs/data/M1_DATA_FOUNDATION_SCOPE_DECISION.md""], ""doi"": [""https://github.com/cs-chan/Exclusively-Dark-Image-Dataset""], ""intended_role"": [""docs/data/M1_DATASET_ACQUISITION_PLAN.md"", ""docs/data/M1_DATA_FOUNDATION_SCOPE_DECISION.md""], ""license_identifier"": [""https://github.com/cs-chan/Exclusively-Dark-Image-Dataset/blob/master/Dataset/README.md""], ""license_url"": [""https://github.com/cs-chan/Exclusively-Dark-Image-Dataset/blob/master/Dataset/README.md""], ""limitations"": [""docs/data/M1_DATASET_ACQUISITION_PLAN.md"", ""docs/data/M1_DATA_FOUNDATION_SCOPE_DECISION.md""], ""m1_required"": [""docs/data/M1_DATASET_ACQUISITION_PLAN.md"", ""docs/data/M1_DATA_FOUNDATION_SCOPE_DECISION.md""], ""modalities"": [""https://github.com/cs-chan/Exclusively-Dark-Image-Dataset""], ""official_source"": [""https://github.com/cs-chan/Exclusively-Dark-Image-Dataset""], ""official_source_url"": [""https://github.com/cs-chan/Exclusively-Dark-Image-Dataset""], ""owning_workstream"": [""docs/data/M1_DATASET_ACQUISITION_PLAN.md"", ""docs/data/M1_DATA_FOUNDATION_SCOPE_DECISION.md""], ""redistribution_notes"": [""https://github.com/cs-chan/Exclusively-Dark-Image-Dataset/blob/master/Dataset/README.md""], ""version"": [""https://github.com/cs-chan/Exclusively-Dark-Image-Dataset""]}",null,null,null,null
visdrone,VisDrone,SOURCE_VERIFIED_LICENSE_SCOPE_UNRESOLVED,HOLD,DO_NOT_ACQUIRE_YET,false,AISKYEYE / Tianjin University original benchmark repository,https://github.com/VisDrone/VisDrone-Dataset,null,VisDrone2019 (choose VID/MOT subset in tracking workstream),LICENSE_UNRESOLVED,null,UNKNOWN,"LICENSE STATUS: UNRESOLVED for selected 2019 dataset. Current project page MIT label recorded as evidence, not silently expanded into a grant for all releases. No commercial/redistribution rights assumed.","[""RGB aerial images"", ""video""]","Image/video object boxes, single-object and multi-object tracking; occlusion attributes","Pedestrians, people, bicycles and vehicles; 10 detection categories, not structural defects",Video/tracking methodology; optional aerial detection robustness,Video / Tracking,"2019 README: 288 video clips / 261,908 frames; 10,209 stills; over 2.6 million boxes",Official page and download links listed; payload not tested or acquired,New project page labels VisDrone MIT but differs in release statistics; original 2019 repository has no license file or explicit dataset terms. Applicability of MIT label to selected 2019 payload unresolved; ask maintainers. Hidden challenge annotations constrain evaluation.,"[""https://github.com/VisDrone/VisDrone-Dataset"", ""https://aiskyeye.com/download/"", ""https://visdrone.org/visdrone/data-base/visdrone"", ""https://arxiv.org/abs/2001.06303"", ""docs/data/M1_DATASET_ACQUISITION_PLAN.md"", ""docs/data/M1_DATA_FOUNDATION_SCOPE_DECISION.md""]",2026-09-11,NOT_ACQUIRED_IN_THIS_SWEEP,"Zhu, Wen, Du, Bian, Fan, Hu, Ling; Detection and Tracking Meet Drones Challenge (TPAMI 2021).",UNKNOWN; no code-license grant assumed,UNKNOWN; paper accessibility does not establish dataset rights,docs/data/sources/visdrone.md,docs/data/licenses/visdrone.md,"{""acquisition_timing"": [""docs/data/M1_DATASET_ACQUISITION_PLAN.md"", ""docs/data/M1_DATA_FOUNDATION_SCOPE_DECISION.md""], ""annotation_type"": [""https://github.com/VisDrone/VisDrone-Dataset""], ""approximate_size"": [""https://github.com/VisDrone/VisDrone-Dataset""], ""availability"": [""https://github.com/VisDrone/VisDrone-Dataset""], ""citation"": [""https://github.com/VisDrone/VisDrone-Dataset""], ""classes_or_content"": [""https://github.com/VisDrone/VisDrone-Dataset""], ""commercial_restriction"": [""https://github.com/VisDrone/VisDrone-Dataset""], ""dataset_name"": [""https://github.com/VisDrone/VisDrone-Dataset""], ""decision"": [""docs/data/M1_DATASET_ACQUISITION_PLAN.md"", ""docs/data/M1_DATA_FOUNDATION_SCOPE_DECISION.md""], ""doi"": [""https://github.com/VisDrone/VisDrone-Dataset""], ""intended_role"": [""docs/data/M1_DATASET_ACQUISITION_PLAN.md"", ""docs/data/M1_DATA_FOUNDATION_SCOPE_DECISION.md""], ""license_identifier"": [""https://github.com/VisDrone/VisDrone-Dataset""], ""license_url"": [""https://github.com/VisDrone/VisDrone-Dataset""], ""limitations"": [""docs/data/M1_DATASET_ACQUISITION_PLAN.md"", ""docs/data/M1_DATA_FOUNDATION_SCOPE_DECISION.md""], ""m1_required"": [""docs/data/M1_DATASET_ACQUISITION_PLAN.md"", ""docs/data/M1_DATA_FOUNDATION_SCOPE_DECISION.md""], ""modalities"": [""https://github.com/VisDrone/VisDrone-Dataset""], ""official_source"": [""https://github.com/VisDrone/VisDrone-Dataset""], ""official_source_url"": [""https://github.com/VisDrone/VisDrone-Dataset""], ""owning_workstream"": [""docs/data/M1_DATASET_ACQUISITION_PLAN.md"", ""docs/data/M1_DATA_FOUNDATION_SCOPE_DECISION.md""], ""redistribution_notes"": [""https://github.com/VisDrone/VisDrone-Dataset""], ""version"": [""https://github.com/VisDrone/VisDrone-Dataset""]}",null,null,null,null
euroc_mav,EuRoC MAV,SOURCE_AND_TERMS_VERIFIED,DEFER_TO_WORKSTREAM,LATER,false,ETH Zurich ASL / ETH Research Collection,https://projects.asl.ethz.ch/datasets/euroc-mav/,10.3929/ethz-b-000690084,2016 dataset; institutional deposit 2024-09-27,InC-NC,https://www.research-collection.ethz.ch/entities/researchdata/bcaf173e-5dac-484b-bc37-faf97a594f1f,Non-commercial only,ETH record states In Copyright - Non-Commercial Use Permitted. Treat commercial use and redistribution beyond identified permission as requiring clarification.,"[""Monochrome stereo"", ""IMU"", ""ground-truth poses/positions"", ""structure scans""]","Visual-inertial odometry/SLAM, motion and structure ground truth; ASL format and ROS data","Machine hall and Vicon rooms; Asctec Firefly MAV; stereo 20 Hz, IMU 200 Hz",VIO / localization benchmark,Visual-Inertial SLAM / Localization,"11 benchmark sequences; institutional ZIP bundles: 12,096.15 + 5,762.35 + 5,734.81 MB; calibration 4,211.46 MB",Official page and download links listed; payload not tested or acquired,"Independent exposure, dynamic-motion and ground-truth synchronization limits; rights statement is not a Creative Commons open-data license.","[""https://projects.asl.ethz.ch/datasets/euroc-mav/"", ""https://www.research-collection.ethz.ch/entities/researchdata/bcaf173e-5dac-484b-bc37-faf97a594f1f"", ""https://www.research-collection.ethz.ch/server/api/core/bitstreams/d861e63b-cfa9-4411-85a5-5ad6b3526e44/content"", ""docs/data/M1_DATASET_ACQUISITION_PLAN.md"", ""docs/data/M1_DATA_FOUNDATION_SCOPE_DECISION.md""]",2026-09-11,NOT_ACQUIRED_IN_THIS_SWEEP,"Burri, Nikolic, Gohl, Schneider, Rehder, Omari, Achtelik, Siegwart; The EuRoC micro aerial vehicle datasets, IJRR 2016; paper DOI 10.1177/0278364915620033.",UNKNOWN; no code-license grant assumed,UNKNOWN; paper accessibility does not establish dataset rights,docs/data/sources/euroc_mav.md,docs/data/licenses/euroc_mav.md,"{""acquisition_timing"": [""docs/data/M1_DATASET_ACQUISITION_PLAN.md"", ""docs/data/M1_DATA_FOUNDATION_SCOPE_DECISION.md""], ""annotation_type"": [""https://projects.asl.ethz.ch/datasets/euroc-mav/""], ""approximate_size"": [""https://www.research-collection.ethz.ch/entities/researchdata/bcaf173e-5dac-484b-bc37-faf97a594f1f"", ""https://www.research-collection.ethz.ch/server/api/core/bitstreams/d861e63b-cfa9-4411-85a5-5ad6b3526e44/content""], ""availability"": [""https://projects.asl.ethz.ch/datasets/euroc-mav/""], ""citation"": [""https://projects.asl.ethz.ch/datasets/euroc-mav/""], ""classes_or_content"": [""https://projects.asl.ethz.ch/datasets/euroc-mav/""], ""commercial_restriction"": [""https://www.research-collection.ethz.ch/entities/researchdata/bcaf173e-5dac-484b-bc37-faf97a594f1f""], ""dataset_name"": [""https://projects.asl.ethz.ch/datasets/euroc-mav/""], ""decision"": [""docs/data/M1_DATASET_ACQUISITION_PLAN.md"", ""docs/data/M1_DATA_FOUNDATION_SCOPE_DECISION.md""], ""doi"": [""https://projects.asl.ethz.ch/datasets/euroc-mav/""], ""intended_role"": [""docs/data/M1_DATASET_ACQUISITION_PLAN.md"", ""docs/data/M1_DATA_FOUNDATION_SCOPE_DECISION.md""], ""license_identifier"": [""https://www.research-collection.ethz.ch/entities/researchdata/bcaf173e-5dac-484b-bc37-faf97a594f1f""], ""license_url"": [""https://www.research-collection.ethz.ch/entities/researchdata/bcaf173e-5dac-484b-bc37-faf97a594f1f""], ""limitations"": [""docs/data/M1_DATASET_ACQUISITION_PLAN.md"", ""docs/data/M1_DATA_FOUNDATION_SCOPE_DECISION.md""], ""m1_required"": [""docs/data/M1_DATASET_ACQUISITION_PLAN.md"", ""docs/data/M1_DATA_FOUNDATION_SCOPE_DECISION.md""], ""modalities"": [""https://projects.asl.ethz.ch/datasets/euroc-mav/""], ""official_source"": [""https://projects.asl.ethz.ch/datasets/euroc-mav/""], ""official_source_url"": [""https://projects.asl.ethz.ch/datasets/euroc-mav/""], ""owning_workstream"": [""docs/data/M1_DATASET_ACQUISITION_PLAN.md"", ""docs/data/M1_DATA_FOUNDATION_SCOPE_DECISION.md""], ""redistribution_notes"": [""https://www.research-collection.ethz.ch/entities/researchdata/bcaf173e-5dac-484b-bc37-faf97a594f1f""], ""version"": [""https://projects.asl.ethz.ch/datasets/euroc-mav/"", ""https://www.research-collection.ethz.ch/entities/researchdata/bcaf173e-5dac-484b-bc37-faf97a594f1f""]}",null,null,null,null
tum_rgbd,TUM RGB-D,SOURCE_AND_TERMS_VERIFIED,DEFER_TO_WORKSTREAM,LATER,false,TUM Computer Vision Group,https://cvg.cit.tum.de/data/datasets/rgbd-dataset,null,RGB-D benchmark; 2011/2012 sequence collections; no single version number,CC-BY-4.0,https://cvg.cit.tum.de/data/datasets/rgbd-dataset,No non-commercial restriction in the identified grant; other rights may apply,Current official site: data CC BY 4.0 unless otherwise stated; retain attribution/license/modification notices. Historical 2012 workshop paper says CC BY 3.0; record acquisition-time terms.,"[""RGB"", ""depth"", ""trajectories"", ""accelerometer""]","RGB-D SLAM/odometry ground truth; sequence archives, PNG images/timestamp lists and ROS bags","Freiburg1/2/3 sequences: indoor motion, structure/texture and dynamic people",Depth / RGB-D SLAM validation,Depth / RGB-D SLAM,Per-sequence sizes published; e.g. freiburg2_rpy_validation approximately 2.06 GB; aggregate UNKNOWN,Official page and download links listed; payload not tested or acquired,"Indoor RGB-D sensor domain differs from aerial inspection; depth/trajectory benchmark, not structural defect labels. Respect any sequence-specific exceptions.","[""https://cvg.cit.tum.de/data/datasets/rgbd-dataset"", ""https://cvg.cit.tum.de/data/datasets/rgbd-dataset/download"", ""https://cvg.cit.tum.de/data/datasets/rgbd-dataset/file_formats"", ""https://cvg.cit.tum.de/_media/spezial/bib/sturm12iros_ws.pdf"", ""docs/data/M1_DATASET_ACQUISITION_PLAN.md"", ""docs/data/M1_DATA_FOUNDATION_SCOPE_DECISION.md""]",2026-09-11,NOT_ACQUIRED_IN_THIS_SWEEP,"Sturm, Engelhard, Endres, Burgard, Cremers; A Benchmark for the Evaluation of RGB-D SLAM Systems, IROS 2012.","BSD-2-Clause, explicitly separate on official benchmark page",UNKNOWN; paper accessibility does not establish dataset rights,docs/data/sources/tum_rgbd.md,docs/data/licenses/tum_rgbd.md,"{""acquisition_timing"": [""docs/data/M1_DATASET_ACQUISITION_PLAN.md"", ""docs/data/M1_DATA_FOUNDATION_SCOPE_DECISION.md""], ""annotation_type"": [""https://cvg.cit.tum.de/data/datasets/rgbd-dataset/file_formats""], ""approximate_size"": [""https://cvg.cit.tum.de/data/datasets/rgbd-dataset/download""], ""availability"": [""https://cvg.cit.tum.de/data/datasets/rgbd-dataset""], ""citation"": [""https://cvg.cit.tum.de/data/datasets/rgbd-dataset""], ""classes_or_content"": [""https://cvg.cit.tum.de/data/datasets/rgbd-dataset""], ""commercial_restriction"": [""https://cvg.cit.tum.de/data/datasets/rgbd-dataset""], ""dataset_name"": [""https://cvg.cit.tum.de/data/datasets/rgbd-dataset""], ""decision"": [""docs/data/M1_DATASET_ACQUISITION_PLAN.md"", ""docs/data/M1_DATA_FOUNDATION_SCOPE_DECISION.md""], ""doi"": [""https://cvg.cit.tum.de/data/datasets/rgbd-dataset""], ""intended_role"": [""docs/data/M1_DATASET_ACQUISITION_PLAN.md"", ""docs/data/M1_DATA_FOUNDATION_SCOPE_DECISION.md""], ""license_identifier"": [""https://cvg.cit.tum.de/data/datasets/rgbd-dataset""], ""license_url"": [""https://cvg.cit.tum.de/data/datasets/rgbd-dataset""], ""limitations"": [""docs/data/M1_DATASET_ACQUISITION_PLAN.md"", ""docs/data/M1_DATA_FOUNDATION_SCOPE_DECISION.md""], ""m1_required"": [""docs/data/M1_DATASET_ACQUISITION_PLAN.md"", ""docs/data/M1_DATA_FOUNDATION_SCOPE_DECISION.md""], ""modalities"": [""https://cvg.cit.tum.de/data/datasets/rgbd-dataset""], ""official_source"": [""https://cvg.cit.tum.de/data/datasets/rgbd-dataset""], ""official_source_url"": [""https://cvg.cit.tum.de/data/datasets/rgbd-dataset""], ""owning_workstream"": [""docs/data/M1_DATASET_ACQUISITION_PLAN.md"", ""docs/data/M1_DATA_FOUNDATION_SCOPE_DECISION.md""], ""redistribution_notes"": [""https://cvg.cit.tum.de/data/datasets/rgbd-dataset""], ""version"": [""https://cvg.cit.tum.de/data/datasets/rgbd-dataset""]}",null,null,null,null
hilti_slam_2022,Hilti SLAM 2022,SOURCE_AND_TERMS_VERIFIED,DEFER_TO_WORKSTREAM,LATER,false,Hilti official challenge and Hilti-Research repository,https://www.hilti-challenge.com/dataset-2022,null,2022,CC-BY-NC-SA-3.0,https://www.hilti-challenge.com/dataset-2022,Non-commercial only,"This release page explicitly licenses its datasets/benchmarks CC BY-NC-SA 3.0: attribution, non-commercial use, share-alike for distributed adaptations.","[""Cameras"", ""LiDAR"", ""IMU"", ""ground-truth positions""]",ROS bags; calibrated SLAM streams; sparse surveyed 3DoF ground truth; selected extra 6DoF trajectories and E57 reference scans,"Handheld five-camera Alphasense, Hesai PandarXT-32 and IMU; Oxford theatre/construction",Construction SLAM and sensor-fusion evaluation,Chat 10 / LiDAR SLAM + Mapping; Chat 11 / Sensor Fusion,8 challenge + 8 additional sequences; individual listed rosbag sizes 6-80 GB; aggregate not assumed,Official page and download links listed; payload not tested or acquired,Large calibrated streams; sparse ground truth is not dense pose truth. Choose sequences and sensor adapters later; no first-detector requirement.,"[""https://www.hilti-challenge.com/dataset-2022"", ""https://github.com/Hilti-Research/hilti-slam-challenge-2022"", ""https://huggingface.co/datasets/Hilti-Research/hilti-slam-challenge-2022"", ""docs/data/M1_DATASET_ACQUISITION_PLAN.md"", ""docs/data/M1_DATA_FOUNDATION_SCOPE_DECISION.md""]",2026-09-11,NOT_ACQUIRED_IN_THIS_SWEEP,"Zhang et al.; Hilti-Oxford Dataset: A Millimeter-Accurate Benchmark for SLAM, RA-L 2023; DOI 10.1109/LRA.2022.3226077.",UNKNOWN; no code-license grant assumed,UNKNOWN; paper accessibility does not establish dataset rights,docs/data/sources/hilti_slam_2022.md,docs/data/licenses/hilti_slam_2022.md,"{""acquisition_timing"": [""docs/data/M1_DATASET_ACQUISITION_PLAN.md"", ""docs/data/M1_DATA_FOUNDATION_SCOPE_DECISION.md""], ""annotation_type"": [""https://www.hilti-challenge.com/dataset-2022""], ""approximate_size"": [""https://www.hilti-challenge.com/dataset-2022""], ""availability"": [""https://www.hilti-challenge.com/dataset-2022""], ""citation"": [""https://www.hilti-challenge.com/dataset-2022""], ""classes_or_content"": [""https://www.hilti-challenge.com/dataset-2022""], ""commercial_restriction"": [""https://www.hilti-challenge.com/dataset-2022""], ""dataset_name"": [""https://www.hilti-challenge.com/dataset-2022""], ""decision"": [""docs/data/M1_DATASET_ACQUISITION_PLAN.md"", ""docs/data/M1_DATA_FOUNDATION_SCOPE_DECISION.md""], ""doi"": [""https://www.hilti-challenge.com/dataset-2022""], ""intended_role"": [""docs/data/M1_DATASET_ACQUISITION_PLAN.md"", ""docs/data/M1_DATA_FOUNDATION_SCOPE_DECISION.md""], ""license_identifier"": [""https://www.hilti-challenge.com/dataset-2022""], ""license_url"": [""https://www.hilti-challenge.com/dataset-2022""], ""limitations"": [""docs/data/M1_DATASET_ACQUISITION_PLAN.md"", ""docs/data/M1_DATA_FOUNDATION_SCOPE_DECISION.md""], ""m1_required"": [""docs/data/M1_DATASET_ACQUISITION_PLAN.md"", ""docs/data/M1_DATA_FOUNDATION_SCOPE_DECISION.md""], ""modalities"": [""https://www.hilti-challenge.com/dataset-2022""], ""official_source"": [""https://www.hilti-challenge.com/dataset-2022""], ""official_source_url"": [""https://www.hilti-challenge.com/dataset-2022""], ""owning_workstream"": [""docs/data/M1_DATASET_ACQUISITION_PLAN.md"", ""docs/data/M1_DATA_FOUNDATION_SCOPE_DECISION.md""], ""redistribution_notes"": [""https://www.hilti-challenge.com/dataset-2022""], ""version"": [""https://www.hilti-challenge.com/dataset-2022""]}",null,null,null,null
hilti_slam_2023,Hilti SLAM 2023,SOURCE_AND_TERMS_VERIFIED,DEFER_TO_WORKSTREAM,LATER,false,Hilti official challenge and Hilti-Research repository,https://www.hilti-challenge.com/dataset-2023,null,2023,CC-BY-NC-SA-3.0,https://www.hilti-challenge.com/dataset-2023,Non-commercial only,"This release page explicitly licenses its datasets/benchmarks CC BY-NC-SA 3.0: attribution, non-commercial use, share-alike for distributed adaptations.","[""Cameras"", ""LiDAR"", ""IMU"", ""ground-truth positions""]",ROS bags; calibrated SLAM streams; sparse surveyed 3DoF ground truth; single/multi-session groups,"Handheld Alphasense five-camera/Hesai PandarXT-32/IMU; robot four OAK-D cameras, Xsens MTi-670 IMU and Robosense BPearl LiDAR; construction sites",Construction SLAM and sensor-fusion evaluation,Chat 10 / LiDAR SLAM + Mapping; Chat 11 / Sensor Fusion,12 main + 3 additional sequences; individual rosbag sizes 9-63 GB; aggregate not assumed,Official page and download links listed; payload not tested or acquired,Large calibrated streams; sparse ground truth is not dense pose truth. Choose sequences and sensor adapters later; no first-detector requirement.,"[""https://www.hilti-challenge.com/dataset-2023"", ""https://github.com/Hilti-Research/hilti-slam-challenge-2023"", ""https://huggingface.co/datasets/Hilti-Research/hilti-slam-challenge-2023"", ""docs/data/M1_DATASET_ACQUISITION_PLAN.md"", ""docs/data/M1_DATA_FOUNDATION_SCOPE_DECISION.md""]",2026-09-11,NOT_ACQUIRED_IN_THIS_SWEEP,"Nair, Kindle, Levchev, Scaramuzza; Hilti SLAM Challenge 2023: Benchmarking Single + Multi-session SLAM across Sensor Constellations in Construction, RA-L 2024; DOI 10.1109/LRA.2024.3421791.",UNKNOWN; no code-license grant assumed,UNKNOWN; paper accessibility does not establish dataset rights,docs/data/sources/hilti_slam_2023.md,docs/data/licenses/hilti_slam_2023.md,"{""acquisition_timing"": [""docs/data/M1_DATASET_ACQUISITION_PLAN.md"", ""docs/data/M1_DATA_FOUNDATION_SCOPE_DECISION.md""], ""annotation_type"": [""https://www.hilti-challenge.com/dataset-2023""], ""approximate_size"": [""https://www.hilti-challenge.com/dataset-2023""], ""availability"": [""https://www.hilti-challenge.com/dataset-2023""], ""citation"": [""https://www.hilti-challenge.com/dataset-2023""], ""classes_or_content"": [""https://www.hilti-challenge.com/dataset-2023""], ""commercial_restriction"": [""https://www.hilti-challenge.com/dataset-2023""], ""dataset_name"": [""https://www.hilti-challenge.com/dataset-2023""], ""decision"": [""docs/data/M1_DATASET_ACQUISITION_PLAN.md"", ""docs/data/M1_DATA_FOUNDATION_SCOPE_DECISION.md""], ""doi"": [""https://www.hilti-challenge.com/dataset-2023""], ""intended_role"": [""docs/data/M1_DATASET_ACQUISITION_PLAN.md"", ""docs/data/M1_DATA_FOUNDATION_SCOPE_DECISION.md""], ""license_identifier"": [""https://www.hilti-challenge.com/dataset-2023""], ""license_url"": [""https://www.hilti-challenge.com/dataset-2023""], ""limitations"": [""docs/data/M1_DATASET_ACQUISITION_PLAN.md"", ""docs/data/M1_DATA_FOUNDATION_SCOPE_DECISION.md""], ""m1_required"": [""docs/data/M1_DATASET_ACQUISITION_PLAN.md"", ""docs/data/M1_DATA_FOUNDATION_SCOPE_DECISION.md""], ""modalities"": [""https://www.hilti-challenge.com/dataset-2023""], ""official_source"": [""https://www.hilti-challenge.com/dataset-2023""], ""official_source_url"": [""https://www.hilti-challenge.com/dataset-2023""], ""owning_workstream"": [""docs/data/M1_DATASET_ACQUISITION_PLAN.md"", ""docs/data/M1_DATA_FOUNDATION_SCOPE_DECISION.md""], ""redistribution_notes"": [""https://www.hilti-challenge.com/dataset-2023""], ""version"": [""https://www.hilti-challenge.com/dataset-2023""]}",null,null,null,null
hilti_trimble_slam_2026,Hilti x Trimble SLAM 2026,SOURCE_AND_TERMS_VERIFIED,DEFER_TO_WORKSTREAM,LATER,false,Hilti / Trimble / Oxford official challenge,https://hilti-trimble-challenge.com/,null,2026; all ground truth released June 16; official HF release August 6,CC-BY-NC-SA-3.0,https://hilti-trimble-challenge.com/,Non-commercial only,"2026 homepage and repository LICENSE independently state CC BY-NC-SA 3.0; non-commercial, attribution and share-alike.","[""Dual fisheye RGB"", ""IMU"", ""floor plans"", ""reference trajectories""]","360 visual-inertial SLAM/localization; ROS2 db3 bags, PNG/DXF floor plans, trajectories",Insta360 front/back 1472 x 1440 at 30 Hz; IMU 1000 Hz; construction floors,Construction VIO and floor-plan localization; not LiDAR-input benchmarking,Visual-Inertial SLAM / Localization; Chat 11 / Sensor Fusion,30 runs; total bytes UNKNOWN,Official page and download links listed; payload not tested or acquired,"Hesai XT32 LiDAR generated ground truth but its data are NOT included in provided ROS2 bags. Rolling shutter, timestamp offset, unregistered design floor plans and excluded scoring runs require adapters.","[""https://hilti-trimble-challenge.com/"", ""https://github.com/Hilti-Research/hilti-trimble-slam-challenge-2026"", ""https://github.com/Hilti-Research/hilti-trimble-slam-challenge-2026/blob/main/LICENSE"", ""https://huggingface.co/datasets/Hilti-Research/hilti-trimble-slam-challenge-2026"", ""docs/data/M1_DATASET_ACQUISITION_PLAN.md"", ""docs/data/M1_DATA_FOUNDATION_SCOPE_DECISION.md""]",2026-09-11,NOT_ACQUIRED_IN_THIS_SWEEP,"Centanni, Zhang et al.; Hilti-Trimble-Oxford Dataset: 360 Visual-Inertial Benchmark with Floor Plan Priors for SLAM and Localization, 2026; arXiv:2607.06464.",UNKNOWN; no code-license grant assumed,UNKNOWN; paper accessibility does not establish dataset rights,docs/data/sources/hilti_trimble_slam_2026.md,docs/data/licenses/hilti_trimble_slam_2026.md,"{""acquisition_timing"": [""docs/data/M1_DATASET_ACQUISITION_PLAN.md"", ""docs/data/M1_DATA_FOUNDATION_SCOPE_DECISION.md""], ""annotation_type"": [""https://github.com/Hilti-Research/hilti-trimble-slam-challenge-2026""], ""approximate_size"": [""https://github.com/Hilti-Research/hilti-trimble-slam-challenge-2026""], ""availability"": [""https://hilti-trimble-challenge.com/""], ""citation"": [""https://github.com/Hilti-Research/hilti-trimble-slam-challenge-2026""], ""classes_or_content"": [""https://github.com/Hilti-Research/hilti-trimble-slam-challenge-2026""], ""commercial_restriction"": [""https://hilti-trimble-challenge.com/""], ""dataset_name"": [""https://hilti-trimble-challenge.com/""], ""decision"": [""docs/data/M1_DATASET_ACQUISITION_PLAN.md"", ""docs/data/M1_DATA_FOUNDATION_SCOPE_DECISION.md""], ""doi"": [""https://hilti-trimble-challenge.com/""], ""intended_role"": [""docs/data/M1_DATASET_ACQUISITION_PLAN.md"", ""docs/data/M1_DATA_FOUNDATION_SCOPE_DECISION.md""], ""license_identifier"": [""https://hilti-trimble-challenge.com/""], ""license_url"": [""https://hilti-trimble-challenge.com/""], ""limitations"": [""docs/data/M1_DATASET_ACQUISITION_PLAN.md"", ""docs/data/M1_DATA_FOUNDATION_SCOPE_DECISION.md""], ""m1_required"": [""docs/data/M1_DATASET_ACQUISITION_PLAN.md"", ""docs/data/M1_DATA_FOUNDATION_SCOPE_DECISION.md""], ""modalities"": [""https://github.com/Hilti-Research/hilti-trimble-slam-challenge-2026""], ""official_source"": [""https://hilti-trimble-challenge.com/""], ""official_source_url"": [""https://hilti-trimble-challenge.com/""], ""owning_workstream"": [""docs/data/M1_DATASET_ACQUISITION_PLAN.md"", ""docs/data/M1_DATA_FOUNDATION_SCOPE_DECISION.md""], ""redistribution_notes"": [""https://hilti-trimble-challenge.com/""], ""version"": [""https://github.com/Hilti-Research/hilti-trimble-slam-challenge-2026""]}",null,null,null,null
tu_delft_oda,TU Delft ODA,SOURCE_AND_TERMS_VERIFIED,DEFER_TO_WORKSTREAM,LATER,false,TU Delft / 4TU.ResearchData,https://data.4tu.nl/articles/_/14214236/1,10.4121/14214236.v1,1 (2021-03-19),CC0-1.0,https://data.4tu.nl/articles/_/14214236/1,No non-commercial restriction in the identified grant; other rights may apply,Institutional record explicitly CC0 1.0; no NC limitation. Record creator citation for scientific provenance; separate software licenses not inferred.,"[""RGB"", ""DVS events"", ""24 GHz radar"", ""6-axis IMU"", ""OptiTrack""]",Obstacle positions and drone position/attitude; ROS bags/CSV; RGB AVI video,"Indoor MAV flights toward one or two poles, full/dim light; turn left/right or continue",Obstacle detection/avoidance and aerial perception validation,Autonomous Navigation / Obstacle Detection,"1,369 trials; archive 98,186,579,073 bytes (98.19 decimal GB)",Official page and download links listed; payload not tested or acquired,"Narrow indoor pole task and event/radar sensor mismatch; samples 593-629 lack obstacle coordinates. Useful for navigation methodology, not proof of outdoor collision avoidance.","[""https://data.4tu.nl/articles/_/14214236/1"", ""https://github.com/tudelft/ODA_Dataset"", ""https://api.datacite.org/dois/10.4121/14214236.v1"", ""https://research.tudelft.nl/en/publications/a-novel-obstacle-detection-and-avoidance-dataset-for-drones/"", ""docs/data/M1_DATASET_ACQUISITION_PLAN.md"", ""docs/data/M1_DATA_FOUNDATION_SCOPE_DECISION.md""]",2026-09-11,NOT_ACQUIRED_IN_THIS_SWEEP,"Julien Dupeyroux, Nikhil Wessendorp, Raoul Dinaux, Guido De Croon; The Obstacle Detection and Avoidance Dataset for Drones (2021). Associated 2022 paper DOI 10.1145/3522784.3522786.",UNKNOWN; no code-license grant assumed,UNKNOWN; paper accessibility does not establish dataset rights,docs/data/sources/tu_delft_oda.md,docs/data/licenses/tu_delft_oda.md,"{""acquisition_timing"": [""docs/data/M1_DATASET_ACQUISITION_PLAN.md"", ""docs/data/M1_DATA_FOUNDATION_SCOPE_DECISION.md""], ""annotation_type"": [""https://github.com/tudelft/ODA_Dataset""], ""approximate_size"": [""https://data.4tu.nl/articles/_/14214236/1"", ""https://github.com/tudelft/ODA_Dataset""], ""availability"": [""https://data.4tu.nl/articles/_/14214236/1""], ""citation"": [""https://data.4tu.nl/articles/_/14214236/1""], ""classes_or_content"": [""https://github.com/tudelft/ODA_Dataset""], ""commercial_restriction"": [""https://data.4tu.nl/articles/_/14214236/1""], ""dataset_name"": [""https://data.4tu.nl/articles/_/14214236/1""], ""decision"": [""docs/data/M1_DATASET_ACQUISITION_PLAN.md"", ""docs/data/M1_DATA_FOUNDATION_SCOPE_DECISION.md""], ""doi"": [""https://data.4tu.nl/articles/_/14214236/1""], ""intended_role"": [""docs/data/M1_DATASET_ACQUISITION_PLAN.md"", ""docs/data/M1_DATA_FOUNDATION_SCOPE_DECISION.md""], ""license_identifier"": [""https://data.4tu.nl/articles/_/14214236/1""], ""license_url"": [""https://data.4tu.nl/articles/_/14214236/1""], ""limitations"": [""docs/data/M1_DATASET_ACQUISITION_PLAN.md"", ""docs/data/M1_DATA_FOUNDATION_SCOPE_DECISION.md""], ""m1_required"": [""docs/data/M1_DATASET_ACQUISITION_PLAN.md"", ""docs/data/M1_DATA_FOUNDATION_SCOPE_DECISION.md""], ""modalities"": [""https://github.com/tudelft/ODA_Dataset""], ""official_source"": [""https://data.4tu.nl/articles/_/14214236/1""], ""official_source_url"": [""https://data.4tu.nl/articles/_/14214236/1""], ""owning_workstream"": [""docs/data/M1_DATASET_ACQUISITION_PLAN.md"", ""docs/data/M1_DATA_FOUNDATION_SCOPE_DECISION.md""], ""redistribution_notes"": [""https://data.4tu.nl/articles/_/14214236/1""], ""version"": [""https://data.4tu.nl/articles/_/14214236/1""]}",null,null,null,null
flir_adas,FLIR ADAS,SOURCE_VERIFIED_LICENSE_UNRESOLVED,HOLD,DO_NOT_ACQUIRE_YET,false,Teledyne FLIR OEM official dataset page,https://oem.flir.com/solutions/automotive/adas-dataset-form/,null,"Current expanded 26,442-frame listing; numeric release label not specified",LICENSE_UNRESOLVED,null,UNKNOWN,LICENSE STATUS: UNRESOLVED. No explicit dataset reuse grant recovered from public landing/form. Preserve and review actual download agreement before acquiring; commercial and redistribution rights UNKNOWN.,"[""Visible RGB"", ""thermal""]",Object bounding boxes; MSCOCO and Conservator JSON; thermal TIFF/JPEG and RGB JPEG,"Person, bike, car, motorcycle, bus, train, truck, traffic light, fire hydrant, street sign, dog, skateboard, stroller, scooter, other vehicle",Optional thermal/multimodal object-perception extension only,Thermal / Multimodal extension,"26,442 frames; 520,000 boxes; 9,711 thermal + 9,233 RGB stills and 7,498 video frames; archive bytes UNKNOWN",Official listing accessible via browser/search; sign-in/account notice and registration form present; gated payload/terms not tested,Automotive objects are not infrastructure thermal-defect ground truth. Registration/download form does not establish commercial or redistribution rights; no terms accepted or account created.,"[""https://oem.flir.com/solutions/automotive/adas-dataset-form/"", ""docs/data/M1_DATASET_ACQUISITION_PLAN.md"", ""docs/data/M1_DATA_FOUNDATION_SCOPE_DECISION.md""]",2026-09-11,NOT_ACQUIRED_IN_THIS_SWEEP,Teledyne FLIR Thermal Dataset for Algorithm Training (official supplier listing).,UNKNOWN; no code-license grant assumed,UNKNOWN; paper accessibility does not establish dataset rights,docs/data/sources/flir_adas.md,docs/data/licenses/flir_adas.md,"{""acquisition_timing"": [""docs/data/M1_DATASET_ACQUISITION_PLAN.md"", ""docs/data/M1_DATA_FOUNDATION_SCOPE_DECISION.md""], ""annotation_type"": [""https://oem.flir.com/solutions/automotive/adas-dataset-form/""], ""approximate_size"": [""https://oem.flir.com/solutions/automotive/adas-dataset-form/""], ""availability"": [""https://oem.flir.com/solutions/automotive/adas-dataset-form/""], ""citation"": [""https://oem.flir.com/solutions/automotive/adas-dataset-form/""], ""classes_or_content"": [""https://oem.flir.com/solutions/automotive/adas-dataset-form/""], ""commercial_restriction"": [""https://oem.flir.com/solutions/automotive/adas-dataset-form/""], ""dataset_name"": [""https://oem.flir.com/solutions/automotive/adas-dataset-form/""], ""decision"": [""docs/data/M1_DATASET_ACQUISITION_PLAN.md"", ""docs/data/M1_DATA_FOUNDATION_SCOPE_DECISION.md""], ""doi"": [""https://oem.flir.com/solutions/automotive/adas-dataset-form/""], ""intended_role"": [""docs/data/M1_DATASET_ACQUISITION_PLAN.md"", ""docs/data/M1_DATA_FOUNDATION_SCOPE_DECISION.md""], ""license_identifier"": [""https://oem.flir.com/solutions/automotive/adas-dataset-form/""], ""license_url"": [""https://oem.flir.com/solutions/automotive/adas-dataset-form/""], ""limitations"": [""docs/data/M1_DATASET_ACQUISITION_PLAN.md"", ""docs/data/M1_DATA_FOUNDATION_SCOPE_DECISION.md""], ""m1_required"": [""docs/data/M1_DATASET_ACQUISITION_PLAN.md"", ""docs/data/M1_DATA_FOUNDATION_SCOPE_DECISION.md""], ""modalities"": [""https://oem.flir.com/solutions/automotive/adas-dataset-form/""], ""official_source"": [""https://oem.flir.com/solutions/automotive/adas-dataset-form/""], ""official_source_url"": [""https://oem.flir.com/solutions/automotive/adas-dataset-form/""], ""owning_workstream"": [""docs/data/M1_DATASET_ACQUISITION_PLAN.md"", ""docs/data/M1_DATA_FOUNDATION_SCOPE_DECISION.md""], ""redistribution_notes"": [""https://oem.flir.com/solutions/automotive/adas-dataset-form/""], ""version"": [""https://oem.flir.com/solutions/automotive/adas-dataset-form/""]}",null,null,null,null
aegisinspect_gazebo_dataset,AegisInspect Gazebo-generated dataset,INTERNAL_PLANNED_ASSET_LICENSE_UNRESOLVED,DEFER_TO_WORKSTREAM,LATER,false,AegisInspect project / Gazebo simulation,docs/data/sources/aegisinspect_gazebo_dataset.md,null,null,LICENSE_UNRESOLVED,null,UNKNOWN; depends on selected upstream assets,"LICENSE STATUS: UNRESOLVED. No blanket generated-data license. Redistribution depends on worlds, models, meshes, textures, plugins and imported assets; upstream asset-license manifest required before generation intended for sharing.","[""PLANNED RGB"", ""PLANNED depth"", ""PLANNED LiDAR"", ""PLANNED IMU"", ""PLANNED poses/ground truth""]",Planned synchronized simulation streams; potential segmentation/detection labels,"Planned inspection worlds, navigation scenarios and integration tests",REQUIRED_LATER for integrated system verification,Simulation / Navigation / Sensor Fusion / 3D Mapping / Integration / System Testing,NOT_GENERATED; size TBD by simulation scenario specification,PLANNED_INTERNAL; not generated/acquired in this sweep,"Planned internal dataset, not an existing third-party release. Simulation cannot establish real-world generalization or replace real defects. Asset inventory not yet fixed.","[""docs/data/sources/aegisinspect_gazebo_dataset.md"", ""https://gazebosim.org/docs/latest/fuel_insert/"", ""docs/data/M1_DATASET_ACQUISITION_PLAN.md"", ""docs/data/M1_DATA_FOUNDATION_SCOPE_DECISION.md""]",2026-09-11,PLANNED_INTERNAL,AegisInspect project owner; internal requirement established by this scope decision.,UNKNOWN; no code-license grant assumed,UNKNOWN; paper accessibility does not establish dataset rights,docs/data/sources/aegisinspect_gazebo_dataset.md,docs/data/licenses/aegisinspect_gazebo_dataset.md,"{""acquisition_timing"": [""docs/data/M1_DATASET_ACQUISITION_PLAN.md"", ""docs/data/M1_DATA_FOUNDATION_SCOPE_DECISION.md""], ""annotation_type"": [""docs/data/sources/aegisinspect_gazebo_dataset.md""], ""approximate_size"": [""docs/data/sources/aegisinspect_gazebo_dataset.md""], ""availability"": [""docs/data/sources/aegisinspect_gazebo_dataset.md""], ""citation"": [""docs/data/sources/aegisinspect_gazebo_dataset.md""], ""classes_or_content"": [""docs/data/sources/aegisinspect_gazebo_dataset.md""], ""commercial_restriction"": [""docs/data/sources/aegisinspect_gazebo_dataset.md""], ""dataset_name"": [""docs/data/sources/aegisinspect_gazebo_dataset.md""], ""decision"": [""docs/data/M1_DATASET_ACQUISITION_PLAN.md"", ""docs/data/M1_DATA_FOUNDATION_SCOPE_DECISION.md""], ""doi"": [""docs/data/sources/aegisinspect_gazebo_dataset.md""], ""intended_role"": [""docs/data/M1_DATASET_ACQUISITION_PLAN.md"", ""docs/data/M1_DATA_FOUNDATION_SCOPE_DECISION.md""], ""license_identifier"": [""docs/data/sources/aegisinspect_gazebo_dataset.md""], ""license_url"": [""docs/data/sources/aegisinspect_gazebo_dataset.md""], ""limitations"": [""docs/data/M1_DATASET_ACQUISITION_PLAN.md"", ""docs/data/M1_DATA_FOUNDATION_SCOPE_DECISION.md""], ""m1_required"": [""docs/data/M1_DATASET_ACQUISITION_PLAN.md"", ""docs/data/M1_DATA_FOUNDATION_SCOPE_DECISION.md""], ""modalities"": [""docs/data/sources/aegisinspect_gazebo_dataset.md""], ""official_source"": [""docs/data/sources/aegisinspect_gazebo_dataset.md""], ""official_source_url"": [""docs/data/sources/aegisinspect_gazebo_dataset.md""], ""owning_workstream"": [""docs/data/M1_DATASET_ACQUISITION_PLAN.md"", ""docs/data/M1_DATA_FOUNDATION_SCOPE_DECISION.md""], ""redistribution_notes"": [""docs/data/sources/aegisinspect_gazebo_dataset.md""], ""version"": [""docs/data/sources/aegisinspect_gazebo_dataset.md""]}",null,null,null,true
