view,split,metric,count,mean,min,p01,p05,p25,median,p75,p95,p99,max
RAW_VALIDATED_INVENTORY,all,width,11123,4158.145374449339,250.0,480.0,1600.0,3456.0,4608.0,5184.0,5184.0,6000.0,6000.0
RAW_VALIDATED_INVENTORY,all,height,11123,3111.271599388654,132.0,320.0,1200.0,2368.0,3456.0,3888.0,3888.0,4208.0,5184.0
RAW_VALIDATED_INVENTORY,all,megapixels,11123,14.30538816470377,0.033,0.1536,1.92,8.474112,15.925248,20.155392,20.155392,20.256,24.0
RAW_VALIDATED_INVENTORY,all,image_aspect_ratio,11123,1.3484513190167828,0.5627376425855514,0.75,1.3333333333333333,1.3333333333333333,1.3333333333333333,1.3333333333333333,1.5,1.7777777777777777,1.893939393939394
RAW_VALIDATED_INVENTORY,train,width,8898,4114.718588446842,265.0,480.0,1600.0,3264.0,4608.0,5184.0,5184.0,6000.0,6000.0
RAW_VALIDATED_INVENTORY,train,height,8898,3072.6559901101373,170.0,320.0,1200.0,2248.0,3456.0,3888.0,3888.0,4000.0,5184.0
RAW_VALIDATED_INVENTORY,train,megapixels,8898,13.999934190042707,0.04505,0.1536,1.92,7.962624,15.925248,20.155392,20.155392,20.256,24.0
RAW_VALIDATED_INVENTORY,train,image_aspect_ratio,8898,1.3508694139193032,0.6662162162162162,0.75,1.3333333333333333,1.3333333333333333,1.3333333333333333,1.3333333333333333,1.5,1.7777777777777777,1.7802197802197801
RAW_VALIDATED_INVENTORY,valid,width,1112,4251.0,250.0,480.0,1600.0,4000.0,4608.0,5184.0,5184.0,6000.0,6000.0
RAW_VALIDATED_INVENTORY,valid,height,1112,3237.423561151079,132.0,320.0,1200.0,3000.0,3888.0,3888.0,4000.0,5184.0,5184.0
RAW_VALIDATED_INVENTORY,valid,megapixels,1112,15.05798804766187,0.033,0.1536,1.92,9.980928,15.925248,20.155392,20.155392,20.256,24.0
RAW_VALIDATED_INVENTORY,valid,image_aspect_ratio,1112,1.3328055154341372,0.5627376425855514,0.5627376425855514,1.1415364296720245,1.3333333333333333,1.3333333333333333,1.3333333333333333,1.502579727558303,1.7777198525539757,1.893939393939394
RAW_VALIDATED_INVENTORY,test,width,1113,4412.554357592094,313.0,480.0,1200.0,4608.0,5184.0,5184.0,5184.0,6000.0,6000.0
RAW_VALIDATED_INVENTORY,test,height,1113,3293.949685534591,220.0,320.0,1032.0000000000002,3456.0,3888.0,3888.0,3888.0,3888.0,5184.0
RAW_VALIDATED_INVENTORY,test,megapixels,1113,15.995449617250676,0.06886,0.1536,1.643520000000001,15.925248,20.155392,20.155392,20.155392,20.256,24.0
RAW_VALIDATED_INVENTORY,test,image_aspect_ratio,1113,1.3447513416055292,0.6435643564356436,0.8198062953995163,1.3333333333333333,1.3333333333333333,1.3333333333333333,1.3333333333333333,1.5,1.7789147286821705,1.7793594306049823
PROVISIONAL_BASELINE_ELIGIBLE,all,width,10411,4188.258956872539,250.0,480.0,1600.0,3888.0,4608.0,5184.0,5184.0,6000.0,6000.0
PROVISIONAL_BASELINE_ELIGIBLE,all,height,10411,3134.01306310633,132.0,320.0,1200.0,2736.0,3456.0,3888.0,3888.0,4208.0,5184.0
PROVISIONAL_BASELINE_ELIGIBLE,all,megapixels,10411,14.43793028738834,0.033,0.1536,1.92,9.964544,15.925248,20.155392,20.155392,20.256,24.0
PROVISIONAL_BASELINE_ELIGIBLE,all,image_aspect_ratio,10411,1.3480378507342559,0.5627376425855514,0.75,1.3333333333333333,1.3333333333333333,1.3333333333333333,1.3333333333333333,1.5,1.7772511848341233,1.893939393939394
PROVISIONAL_BASELINE_ELIGIBLE,train,width,8314,4139.338946355545,265.0,480.0,1600.0,3456.0,4608.0,5184.0,5184.0,5472.0,6000.0
PROVISIONAL_BASELINE_ELIGIBLE,train,height,8314,3092.9239836420497,170.0,320.0,1200.0,2304.0,3456.0,3888.0,3888.0,4000.0,5184.0
PROVISIONAL_BASELINE_ELIGIBLE,train,megapixels,8314,14.104335608852539,0.04505,0.1536,1.92,7.962624,15.925248,20.155392,20.155392,20.155392,24.0
PROVISIONAL_BASELINE_ELIGIBLE,train,image_aspect_ratio,8314,1.350125638444266,0.6662162162162162,0.75,1.3333333333333333,1.3333333333333333,1.3333333333333333,1.3333333333333333,1.5,1.7772511848341233,1.7802197802197801
PROVISIONAL_BASELINE_ELIGIBLE,valid,width,1044,4281.150383141762,250.0,480.0,1600.0,4000.0,4608.0,5184.0,5184.0,6000.0,6000.0
PROVISIONAL_BASELINE_ELIGIBLE,valid,height,1044,3245.0095785440612,132.0,320.0,1200.0,3299.0,3888.0,3888.0,3888.0,5184.0,5184.0
PROVISIONAL_BASELINE_ELIGIBLE,valid,megapixels,1044,15.164494915708813,0.033,0.1536,1.92,12.0,20.155392,20.155392,20.155392,20.256,24.0
PROVISIONAL_BASELINE_ELIGIBLE,valid,image_aspect_ratio,1044,1.3367733553972483,0.5627376425855514,0.5627376425855514,1.3333333333333333,1.3333333333333333,1.3333333333333333,1.3333333333333333,1.5291441441441418,1.7777777777777777,1.893939393939394
PROVISIONAL_BASELINE_ELIGIBLE,test,width,1053,4482.4112060778725,313.0,480.0,1574.4,4608.0,5184.0,5184.0,5184.0,5725.44000000001,6000.0
PROVISIONAL_BASELINE_ELIGIBLE,test,height,1053,3348.385565052232,220.0,320.0,1200.0,3456.0,3888.0,3888.0,3888.0,3888.0,5184.0
PROVISIONAL_BASELINE_ELIGIBLE,test,megapixels,1053,16.351484594491932,0.06886,0.1536,1.92,15.925248,20.155392,20.155392,20.155392,20.20368384,24.0
PROVISIONAL_BASELINE_ELIGIBLE,test,image_aspect_ratio,1053,1.3427218641348346,0.6435643564356436,1.332558514931396,1.3333333333333333,1.3333333333333333,1.3333333333333333,1.3333333333333333,1.5,1.7777777777777777,1.7793594306049823
